{
  "Ansi 7 Color (Light)" : {
    "Red Component" : 0.94509810209274292,
    "Color Space" : "sRGB",
    "Blue Component" : 0.94117647409439087,
    "Alpha Component" : 1,
    "Green Component" : 0.94509810209274292
  },
  "Ansi 15 Color (Light)" : {
    "Red Component" : 0.94509810209274292,
    "Color Space" : "sRGB",
    "Blue Component" : 0.94117647409439087,
    "Alpha Component" : 1,
    "Green Component" : 0.94509810209274292
  },
  "Ansi 2 Color (Light)" : {
    "Red Component" : 0.35294127464294434,
    "Color Space" : "sRGB",
    "Blue Component" : 0.55686265230178833,
    "Alpha Component" : 1,
    "Green Component" : 0.96862751245498657
  },
  "Bold Color" : {
    "Red Component" : 0.97102361917495728,
    "Color Space" : "sRGB",
    "Blue Component" : 0.97102349996566772,
    "Alpha Component" : 1,
    "Green Component" : 0.97102349996566772
  },
  "Ansi 1 Color (Dark)" : {
    "Red Component" : 1,
    "Color Space" : "sRGB",
    "Blue Component" : 0.34117639064788818,
    "Alpha Component" : 1,
    "Green Component" : 0.36078426241874695
  },
  "Use Bright Bold" : true,
  "Ansi 9 Color (Light)" : {
    "Red Component" : 1,
    "Color Space" : "sRGB",
    "Blue Component" : 0.34117639064788818,
    "Alpha Component" : 1,
    "Green Component" : 0.36078426241874695
  },
  "Ansi 8 Color (Dark)" : {
    "Red Component" : 0.40784323215484619,
    "Color Space" : "sRGB",
    "Blue Component" : 0.40784311294555664,
    "Alpha Component" : 1,
    "Green Component" : 0.40784311294555664
  },
  "Background Color" : {
    "Red Component" : 0.15686270594596863,
    "Color Space" : "sRGB",
    "Blue Component" : 0.21176469326019287,
    "Alpha Component" : 1,
    "Green Component" : 0.16470584273338318
  },
  "Columns" : 80,
  "Ansi 8 Color" : {
    "Red Component" : 0.40784323215484619,
    "Color Space" : "sRGB",
    "Blue Component" : 0.40784311294555664,
    "Alpha Component" : 1,
    "Green Component" : 0.40784311294555664
  },
  "Right Option Key Sends" : 0,
  "Ansi 4 Color (Light)" : {
    "Red Component" : 0.34117650985717773,
    "Color Space" : "sRGB",
    "Blue Component" : 0.99999994039535522,
    "Alpha Component" : 1,
    "Green Component" : 0.78039222955703735
  },
  "Blinking Cursor" : false,
  "Selected Text Color (Light)" : {
    "Red Component" : 0,
    "Color Space" : "sRGB",
    "Blue Component" : 0,
    "Alpha Component" : 1,
    "Green Component" : 0
  },
  "Selected Text Color (Dark)" : {
    "Red Component" : 0,
    "Color Space" : "sRGB",
    "Blue Component" : 0,
    "Alpha Component" : 1,
    "Green Component" : 0
  },
  "Ansi 3 Color (Dark)" : {
    "Red Component" : 0.95294123888015747,
    "Color Space" : "sRGB",
    "Blue Component" : 0.61568623781204224,
    "Alpha Component" : 1,
    "Green Component" : 0.97647064924240112
  },
  "Keyboard Map" : {

  },
  "Visual Bell" : true,
  "Cursor Text Color" : {
    "Red Component" : 0.15686270594596863,
    "Color Space" : "sRGB",
    "Blue Component" : 0.21176469326019287,
    "Alpha Component" : 1,
    "Green Component" : 0.16470584273338318
  },
  "Scrollback Lines" : 1000,
  "Selection Color (Light)" : {
    "Red Component" : 0.57319694757461548,
    "Color Space" : "sRGB",
    "Blue Component" : 0.81719964742660522,
    "Alpha Component" : 1,
    "Green Component" : 0.73586553335189819
  },
  "Ansi 0 Color" : {
    "Red Component" : 0,
    "Color Space" : "sRGB",
    "Blue Component" : 0,
    "Alpha Component" : 1,
    "Green Component" : 0
  },
  "Match Background Color (Dark)" : {
    "Red Component" : 1,
    "Color Space" : "P3",
    "Blue Component" : 0,
    "Alpha Component" : 1,
    "Green Component" : 1
  },
  "Ansi 11 Color (Light)" : {
    "Red Component" : 0.95294123888015747,
    "Color Space" : "sRGB",
    "Blue Component" : 0.61568623781204224,
    "Alpha Component" : 1,
    "Green Component" : 0.97647064924240112
  },
  "Ansi 5 Color (Dark)" : {
    "Red Component" : 1,
    "Color Space" : "sRGB",
    "Blue Component" : 0.75686269998550415,
    "Alpha Component" : 1,
    "Green Component" : 0.4156862199306488
  },
  "Cursor Text Color (Light)" : {
    "Red Component" : 0.15686270594596863,
    "Color Space" : "sRGB",
    "Blue Component" : 0.21176469326019287,
    "Alpha Component" : 1,
    "Green Component" : 0.16470584273338318
  },
  "Silence Bell" : false,
  "Rows" : 25,
  "Guid" : "32CB9705-1DB9-4F67-B8FC-28CC84AECDA8",
  "Ansi 14 Color (Dark)" : {
    "Red Component" : 0.60392171144485474,
    "Color Space" : "sRGB",
    "Blue Component" : 0.99607843160629272,
    "Alpha Component" : 1,
    "Green Component" : 0.92941170930862427
  },
  "Ansi 15 Color (Dark)" : {
    "Red Component" : 0.94509810209274292,
    "Color Space" : "sRGB",
    "Blue Component" : 0.94117647409439087,
    "Alpha Component" : 1,
    "Green Component" : 0.94509810209274292
  },
  "Ansi 0 Color (Dark)" : {
    "Red Component" : 0,
    "Color Space" : "sRGB",
    "Blue Component" : 0,
    "Alpha Component" : 1,
    "Green Component" : 0
  },
  "Ambiguous Double Width" : false,
  "Option Key Sends" : 0,
  "Ansi 3 Color" : {
    "Red Component" : 0.95294123888015747,
    "Color Space" : "sRGB",
    "Blue Component" : 0.61568623781204224,
    "Alpha Component" : 1,
    "Green Component" : 0.97647064924240112
  },
  "Window Type" : 0,
  "BM Growl" : true,
  "Prompt Before Closing 2" : false,
  "Command" : "",
  "Selected Text Color" : {
    "Red Component" : 0,
    "Color Space" : "sRGB",
    "Blue Component" : 0,
    "Alpha Component" : 1,
    "Green Component" : 0
  },
  "Ansi 14 Color (Light)" : {
    "Red Component" : 0.60392171144485474,
    "Color Space" : "sRGB",
    "Blue Component" : 0.99607843160629272,
    "Alpha Component" : 1,
    "Green Component" : 0.92941170930862427
  },
  "Cursor Guide Color (Dark)" : {
    "Red Component" : 0.70213186740875244,
    "Color Space" : "sRGB",
    "Blue Component" : 1,
    "Alpha Component" : 0.25,
    "Green Component" : 0.9268307089805603
  },
  "Send Code When Idle" : false,
  "Ansi 6 Color" : {
    "Red Component" : 0.60392171144485474,
    "Color Space" : "sRGB",
    "Blue Component" : 0.99607843160629272,
    "Alpha Component" : 1,
    "Green Component" : 0.92941170930862427
  },
  "Jobs to Ignore" : [
    "rlogin",
    "ssh",
    "slogin",
    "telnet"
  ],
  "Badge Color (Dark)" : {
    "Red Component" : 1,
    "Color Space" : "sRGB",
    "Blue Component" : 0,
    "Alpha Component" : 0.5,
    "Green Component" : 0.1491314172744751
  },
  "Cursor Color" : {
    "Red Component" : 0.91646724939346313,
    "Color Space" : "sRGB",
    "Blue Component" : 0.91647690534591675,
    "Alpha Component" : 1,
    "Green Component" : 0.91648870706558228
  },
  "Vertical Spacing" : 1,
  "Disable Window Resizing" : true,
  "Close Sessions On End" : true,
  "Selection Color (Dark)" : {
    "Red Component" : 0.57319694757461548,
    "Color Space" : "sRGB",
    "Blue Component" : 0.81719964742660522,
    "Alpha Component" : 1,
    "Green Component" : 0.73586553335189819
  },
  "Default Bookmark" : "No",
  "Foreground Color (Light)" : {
    "Red Component" : 0.93725490570068359,
    "Color Space" : "sRGB",
    "Blue Component" : 0.92156857252120972,
    "Alpha Component" : 1,
    "Green Component" : 0.94117647409439087
  },
  "Custom Command" : "No",
  "Background Color (Dark)" : {
    "Red Component" : 0.15686270594596863,
    "Color Space" : "sRGB",
    "Blue Component" : 0.21176469326019287,
    "Alpha Component" : 1,
    "Green Component" : 0.16470584273338318
  },
  "Ansi 9 Color" : {
    "Red Component" : 1,
    "Color Space" : "sRGB",
    "Blue Component" : 0.34117639064788818,
    "Alpha Component" : 1,
    "Green Component" : 0.36078426241874695
  },
  "Ansi 14 Color" : {
    "Red Component" : 0.60392171144485474,
    "Color Space" : "sRGB",
    "Blue Component" : 0.99607843160629272,
    "Alpha Component" : 1,
    "Green Component" : 0.92941170930862427
  },
  "Flashing Bell" : false,
  "Use Italic Font" : true,